id,Squad,Gender,Comp,From,To,Comps,Champs,Other Names
1,1874 Northwich FC,M,,2017-2018,2020-2021,0,,
2,Abbey Hey FC,M,,2017-2018,2019-2020,0,,
3,Abbey Rangers FC,M,,2017-2018,2020-2021,0,,
4,Abingdon Town FC,M,,2020-2021,2020-2021,0,,
5,Abingdon United FC,M,,2018-2019,2019-2020,0,,
6,AC London FC,M,,2017-2018,2017-2018,0,,
7,Accrington Stanley FC,M,EFL League One,2006-2007,2020-2021,15,1,
8,AFC Bournemouth,M,EFL Championship,2002-2003,2020-2021,19,1,
9,AFC Bridgnorth,M,,2020-2021,2020-2021,0,,
10,AFC Croydon Athletic,M,,2017-2018,2020-2021,0,,
11,AFC Darwen,M,,2017-2018,2020-2021,0,,
12,AFC Dunstable,M,,2017-2018,2020-2021,0,,
13,AFC Emley,M,,2017-2018,2017-2018,0,,
14,AFC Fylde,M,National League,2014-2015,2019-2020,3,0,
15,AFC Hayes,M,,2017-2018,2019-2020,0,,
16,AFC Hornchurch,M,,2017-2018,2019-2020,0,,
17,AFC Kempston Rovers,M,,2017-2018,2020-2021,0,,Kempston Rovers FC
18,AFC Liverpool,M,,2017-2018,2019-2020,0,,
19,AFC Mansfield,M,,2017-2018,2020-2021,0,,
20,AFC Portchester,M,,2017-2018,2020-2021,0,,
21,AFC Rushden & Diamonds,M,,2017-2018,2019-2020,0,,
22,AFC St Austell,M,,2017-2018,2020-2021,0,,AFC Saint Austell
23,AFC Stoneham,M,,2018-2019,2020-2021,0,,
24,AFC Sudbury,M,,2017-2018,2020-2021,0,,
25,AFC Telford United,M,,2011-2012,2019-2020,3,0,
26,AFC Totton,M,,2017-2018,2020-2021,0,,
27,AFC Uckfield,M,,2017-2018,2020-2021,0,,Town
28,AFC Varndeanians FC,M,,2019-2020,2019-2020,0,,
29,AFC Wimbledon,M,EFL League One,2009-2010,2020-2021,12,0,
30,AFC Wulfrunians,M,,2017-2018,2020-2021,0,,
31,Albion Sports AFC,M,,2017-2018,2020-2021,0,,
32,Aldershot Town FC,M,National League,2006-2007,2020-2021,15,1,
33,Alfold FC,M,,2020-2021,2020-2021,0,,
34,Alfreton Town FC,M,,2011-2012,2019-2020,4,0,
35,Alresford Town FC,M,,2017-2018,2020-2021,0,,
36,Alsager Town FC,M,,2017-2018,2017-2018,0,,
37,Altrincham FC,M,,2006-2007,2020-2021,8,0,
38,Alvechurch FC,M,,2017-2018,2019-2020,0,,
39,Amesbury Town FC,M,,2017-2018,2020-2021,0,,
40,Andover New Street FC,M,,2018-2019,2019-2020,0,,
41,Andover Town FC,M,,2017-2018,2018-2019,0,,
42,Anstey Nomads FC,M,,2018-2019,2020-2021,0,,
43,Ardley United FC,M,,2017-2018,2020-2021,0,,
44,Arlesey Town FC,M,,2017-2018,2020-2021,0,,
45,Armthorpe Welfare FC,M,,2017-2018,2017-2018,0,,
46,Arsenal FC,M,Premier League,1991-1992,2020-2021,29,3,
47,Arsenal FC U23,M,Premier League 2 — Division 1,2016-2017,2020-2021,5,1,
48,Arsenal WFC,F,FA Women's Super League,2017,2020-2021,5,1,Arsenal LFC
49,Arundel FC,M,,2017-2018,2019-2020,0,,
50,Ascot United FC,M,,2017-2018,2020-2021,0,,
51,Ashford Town FC,M,,2017-2018,2020-2021,0,,
52,Ashford United FC,M,,2017-2018,2020-2021,0,,
53,Ashington AFC,M,,2017-2018,2020-2021,0,,
54,Ashton Athletic FC,M,,2017-2018,2020-2021,0,,
55,Ashton United FC,M,,2017-2018,2020-2021,0,,
56,Aston Villa FC,M,Premier League,1990-1991,2020-2021,29,0,
57,Aston Villa FC U23,M,Premier League 2 — Division 2,2016-2017,2020-2021,5,,
58,Aston Villa LFC,F,FA Women's Super League,2020-2021,2020-2021,1,,
59,Athersley Recreation FC,M,,2017-2018,2020-2021,0,,
60,Atherstone Town FC,M,,2017-2018,2019-2020,0,,
61,Atherton Collieries AFC,M,,2017-2018,2019-2020,0,,
62,Aveley FC,M,,2017-2018,2020-2021,0,,
63,Avro FC,M,,2019-2020,2020-2021,0,,
64,Aylesbury FC,M,,2017-2018,2020-2021,0,,Aylesbury Vale Dynamos FC
65,Aylesbury United FC,M,,2017-2018,2020-2021,0,,
66,Aylestone Park FC,M,,2017-2018,2017-2018,0,,
67,Badshot Lea FC,M,,2017-2018,2020-2021,0,,
68,Baffins Milton Rovers FC,M,,2018-2019,2020-2021,0,,
69,Baldock Town FC,M,,2017-2018,2020-2021,0,,
70,Balham FC,M,,2018-2019,2020-2021,0,,
71,Bamber Bridge FC,M,,2017-2018,2019-2020,0,,
72,Banbury United FC,M,,2017-2018,2019-2020,0,,
73,Banstead Athletic FC,M,,2017-2018,2020-2021,0,,
74,Barking FC,M,,2017-2018,2020-2021,0,,
75,Barkingside FC,M,,2017-2018,2019-2020,0,,
76,Barnet FC,M,National League,2005-2006,2020-2021,16,1,
77,Barnoldswick Town FC,M,,2017-2018,2020-2021,0,,
78,Barnsley FC,M,EFL Championship,1997-1998,2020-2021,21,0,
79,Barnstaple Town FC,M,,2017-2018,2020-2021,0,,
80,Barnton FC,M,,2017-2018,2018-2019,0,,
81,Barrow AFC,M,EFL League Two,2008-2009,2020-2021,11,1,
82,Barton Rovers FC,M,,2017-2018,2020-2021,0,,
83,Barton Town Old Boys FC,M,,2017-2018,2020-2021,0,,Barton Town FC
84,Barwell FC,M,,2015-2016,2019-2020,0,0,
85,Basford United FC,M,,2017-2018,2019-2020,0,,
86,Bashley FC,M,,2017-2018,2020-2021,0,,
87,Basildon United FC,M,,2017-2018,2020-2021,0,,
88,Basingstoke Town FC,M,,2014-2015,2020-2021,0,0,
89,Bath City FC,M,,2010-2011,2019-2020,2,0,
90,Beaconsfield SYCOB FC,M,,2016-2017,2019-2020,0,,Beaconsfield Town FC
91,Bearsted FC,M,,2017-2018,2020-2021,0,,
92,Beckenham Town FC,M,,2017-2018,2020-2021,0,,
93,Bedfont & Feltham FC,M,,2017-2018,2017-2018,0,,
94,Bedfont Sports FC,M,,2017-2018,2020-2021,0,,
95,Bedford Town FC,M,,2017-2018,2020-2021,0,,
96,Bedworth United FC,M,,2017-2018,2020-2021,0,,
97,Belper Town FC,M,,2017-2018,2020-2021,0,,
98,Belper United FC,M,,2018-2019,2018-2019,0,,
99,Bemerton Heath Harlequins FC,M,,2017-2018,2020-2021,0,,
100,Benfleet FC,M,,2020-2021,2020-2021,0,,
101,Berkhamsted FC,M,,2017-2018,2020-2021,0,,
102,Bewdley Town FC,M,,2017-2018,2020-2021,0,,
103,Bexhill United FC,M,,2019-2020,2019-2020,0,,
104,Bideford AFC,M,,2017-2018,2020-2021,0,,
105,Biggleswade FC,M,,2017-2018,2020-2021,0,,
106,Biggleswade Town FC,M,,2017-2018,2019-2020,0,,
107,Biggleswade United FC,M,,2017-2018,2020-2021,0,,
108,Billericay Town FC,M,,2016-2017,2019-2020,0,0,
109,Billingham Synthonia FC,M,,2017-2018,2018-2019,0,,
110,Billingham Town FC,M,,2017-2018,2020-2021,0,,
111,Billingshurst FC,M,,2020-2021,2020-2021,0,,
112,Binfield FC,M,,2017-2018,2020-2021,0,,
113,Birmingham City FC,M,EFL Championship,2001-2002,2020-2021,20,0,
114,Birmingham City WFC,F,FA Women's Super League,2017,2020-2021,5,,Birmingham City LFC
115,Birstall United FC,M,,2017-2018,2017-2018,0,,
116,Bishop Auckland FC,M,,2016-2017,2020-2021,0,,
117,Bishop's Cleeve FC,M,,2017-2018,2020-2021,0,,Bishops Cleeve AFC
118,Bishop's Stortford FC,M,,2017-2018,2019-2020,0,,
119,Bitton AFC,M,,2017-2018,2020-2021,0,,
120,Blaby & Whetstone Athletic FC,M,,2017-2018,2017-2018,0,,
121,Black Country Rangers FC,M,,2020-2021,2020-2021,0,,
122,Blackburn Rovers FC,M,EFL Championship,1992-1993,2020-2021,27,1,
123,Blackburn Rovers FC U23,M,Premier League 2 — Division 1,2016-2017,2020-2021,5,1,
124,Blackfield & Langley FC,M,,2017-2018,2020-2021,0,,
125,Blackpool FC,M,EFL League One,2002-2003,2020-2021,19,0,
126,Blackstones FC,M,,2020-2021,2020-2021,0,,
127,Blyth Spartans AFC,M,,2014-2015,2019-2020,0,0,
128,Blyth Town FC,M,,2018-2019,2018-2019,0,,
129,Bodmin Town FC,M,,2017-2018,2020-2021,0,,
130,Bognor Regis Town FC,M,,2017-2018,2019-2020,0,,
131,Boldmere St. Michaels FC,M,,2017-2018,2020-2021,0,,
132,Bolton Wanderers FC,M,EFL League Two,1995-1996,2020-2021,22,0,
133,Bootle FC,M,,2017-2018,2020-2021,0,,
134,Boreham Wood FC,M,National League,2015-2016,2020-2021,6,0,
135,Boston Town FC,M,,2017-2018,2020-2021,0,,
136,Boston United FC,M,,2002-2003,2019-2020,5,0,
137,Bottesford Town FC,M,,2017-2018,2020-2021,0,,
138,Bournemouth FC,M,,2017-2018,2020-2021,0,,
139,Bovey Tracey AFC,M,,2020-2021,2020-2021,0,,
140,Bowers & Pitsea FC,M,,2017-2018,2020-2021,0,,
141,Brackley Town FC,M,,2015-2016,2019-2020,0,0,
142,Brackley Town Saints FC,M,,2018-2019,2019-2020,0,,
143,Bracknell Town FC,M,,2017-2018,2020-2021,0,,
144,Bradford City AFC,M,EFL League Two,1999-2000,2020-2021,22,0,
145,Bradford Park Avenue AFC,M,,2017-2018,2019-2020,0,,Bradford Park Avenue FC
146,Bradford Town FC,M,,2017-2018,2020-2021,0,,
147,Braintree Town FC,M,,2011-2012,2019-2020,7,0,
148,Brantham Athletic FC,M,,2017-2018,2020-2021,0,,
149,Brentford FC,M,EFL Championship,2002-2003,2020-2021,19,1,
150,Brentwood Town FC,M,,2017-2018,2020-2021,0,,
151,Bridgwater Town FC,M,,2017-2018,2020-2021,0,,
152,Bridlington Town AFC,M,,2017-2018,2020-2021,0,,
153,Bridon Ropes FC,M,,2019-2020,2019-2020,0,,
154,Bridport FC,M,,2017-2018,2020-2021,0,,
155,Brighouse Town FC,M,,2017-2018,2020-2021,0,,
156,Brightlingsea Regent FC,M,,2017-2018,2019-2020,0,,
157,Brighton & Hove Albion FC,M,Premier League,2002-2003,2020-2021,19,1,
158,Brighton & Hove Albion FC U23,M,Premier League 2 — Division 1,2016-2017,2020-2021,5,,
159,Brighton & Hove Albion WFC,F,FA Women's Super League,2018-2019,2020-2021,3,,
160,Brimscombe & Thrupp FC,M,,2017-2018,2020-2021,0,,
161,Brislington FC,M,,2017-2018,2020-2021,0,,
162,Bristol City FC,M,EFL Championship,2002-2003,2020-2021,19,1,
163,Bristol City WFC,F,FA Women's Super League,2014-2015,2020-2021,5,0,
164,Bristol Manor Farm FC,M,,2017-2018,2020-2021,0,,
165,Bristol Rovers FC,M,EFL League One,2002-2003,2020-2021,19,0,
166,Broadbridge Heath FC,M,,2017-2018,2020-2021,0,,
167,Broadfields United FC,M,,2018-2019,2020-2021,0,,
168,Brockenhurst FC,M,,2017-2018,2020-2021,0,,
169,Brocton FC,M,,2017-2018,2020-2021,0,,
170,Bromley FC,M,National League,2014-2015,2020-2021,6,0,
171,Bromsgrove Sporting FC,M,,2017-2018,2019-2020,0,,
172,Broxbourne Borough FC,M,,2017-2018,2017-2018,0,,Broxbourne Borough V&E FC
173,Buckingham Town FC,M,,2017-2018,2017-2018,0,,
174,Buckland Athletic FC,M,,2017-2018,2020-2021,0,,
175,Bugbrooke St Michaels FC,M,,2019-2020,2019-2020,0,,Bugbrooke St. Michaels FC
176,Burgess Hill Town FC,M,,2016-2017,2020-2021,0,,
177,Burnham FC,M,,2017-2018,2020-2021,0,,
178,Burnham Ramblers FC,M,,2017-2018,2018-2019,0,,
179,Burnley FC,M,Premier League,2001-2002,2020-2021,20,1,
180,Burnley FC U23,M,Premier League 2 — Division 2,2020-2021,2020-2021,1,,
181,Burscough FC,M,,2017-2018,2020-2021,0,,
182,Burton Albion FC,M,EFL League One,2006-2007,2020-2021,15,2,
183,Burton Park Wanderers FC,M,,2020-2021,2020-2021,0,,
184,Bury FC,M,,2002-2003,2019-2020,18,0,
185,Bury Town FC,M,,2017-2018,2020-2021,0,,
186,Buxton FC,M,,2017-2018,2019-2020,0,,
187,Cadbury Athletic FC,M,,2017-2018,2017-2018,0,,
188,Cadbury Heath FC,M,,2017-2018,2020-2021,0,,
189,Calne Town FC,M,,2020-2021,2020-2021,0,,
190,Camberley Town FC,M,,2017-2018,2020-2021,0,,
191,Cambridge City FC,M,,2017-2018,2020-2021,0,,
192,Cambridge United FC,M,EFL League Two,2002-2003,2020-2021,18,0,
193,Cammell Laird 1907 FC,M,,2017-2018,2020-2021,0,,Cammell Laird FC
194,Campion AFC,M,,2019-2020,2020-2021,0,,
195,Canterbury City FC,M,,2017-2018,2020-2021,0,,
196,Canvey Island FC,M,,2017-2018,2020-2021,0,,
197,Cardiff City FC,M,EFL Championship,2002-2003,2020-2021,19,1,
198,Carlisle United FC,M,EFL League Two,2002-2003,2020-2021,18,1,
199,Carlton Town FC,M,,2017-2018,2020-2021,0,,
200,Carshalton Athletic FC,M,,2017-2018,2020-2021,0,0,
201,CB Hounslow United FC,M,,2017-2018,2020-2021,0,,
202,Chalfont St Peter AFC,M,,2017-2018,2020-2021,0,,Chalfont St. Peter AFC
203,Charlton Athletic FC,M,EFL League One,1998-1999,2020-2021,22,1,
204,Charnock Richard FC,M,,2017-2018,2020-2021,0,,
205,Chasetown FC,M,,2017-2018,2020-2021,0,,
206,Chatham Town FC,M,,2017-2018,2020-2021,0,,
207,Cheddar AFC,M,,2017-2018,2019-2020,0,,
208,Chelmsford City FC,M,,2017-2018,2019-2020,0,0,
209,Chelmsley Town FC,M,,2020-2021,2020-2021,0,,
210,Chelsea FC,M,Premier League,1992-1993,2020-2021,29,5,
211,Chelsea FC U23,M,Premier League 2 — Division 1,2016-2017,2020-2021,5,,
212,Chelsea FC Women,F,FA Women's Super League,2015-2016,2020-2021,5,3,Chelsea LFC
213,Cheltenham Saracens FC,M,,2019-2020,2020-2021,0,,
214,Cheltenham Town FC,M,EFL League Two,2002-2003,2020-2021,19,1,
215,Chertsey Town FC,M,,2017-2018,2020-2021,0,,
216,Chesham United FC,M,,2015-2016,2019-2020,0,0,
217,Cheshunt FC,M,,2017-2018,2019-2020,0,,
218,Chessington & Hook United FC,M,,2017-2018,2017-2018,0,,
219,Chester City FC,M,,2004-2005,2008-2009,5,0,
220,Chester FC,M,,2013-2014,2019-2020,5,0,
221,Chester-le-Street Town FC,M,,2017-2018,2017-2018,0,,
222,Chesterfield FC,M,National League,2002-2003,2020-2021,19,2,
223,Chichester City FC,M,,2017-2018,2020-2021,0,0,
224,Chippenham Town FC,M,,2017-2018,2019-2020,0,0,
225,Chipping Sodbury Town FC,M,,2017-2018,2020-2021,0,,
226,Chipstead FC,M,,2017-2018,2020-2021,0,,
227,Chorley FC,M,National League,2017-2018,2019-2020,1,0,
228,Christchurch FC,M,,2017-2018,2020-2021,0,,
229,Cinderford Town AFC,M,,2017-2018,2020-2021,0,,
230,Cirencester Town FC,M,,2017-2018,2020-2021,0,,
231,City of Liverpool FC,M,,2017-2018,2020-2021,0,,
232,Clanfield FC,M,,2019-2020,2020-2021,0,,Clanfield 85 FC
233,Clapton FC,M,,2017-2018,2020-2021,0,,
234,Cleethorpes Town FC,M,,2017-2018,2020-2021,0,,
235,Clevedon Town FC,M,,2017-2018,2020-2021,0,,
236,Clipstone FC,M,,2017-2018,2018-2019,0,,
237,Clitheroe FC,M,,2017-2018,2020-2021,0,,
238,Coalville Town FC,M,,2017-2018,2020-2021,0,,
239,Cobham FC,M,,2018-2019,2020-2021,0,,
240,Cockfosters FC,M,,2017-2018,2020-2021,0,,
241,Cogenhoe United FC,M,,2017-2018,2020-2021,0,,
242,Coggeshall Town FC,M,,2018-2019,2020-2021,0,,
243,Coggeshall United FC,M,,2019-2020,2019-2020,0,,
244,Colchester United FC,M,EFL League Two,2002-2003,2020-2021,19,0,
245,Coleshill Town FC,M,,2017-2018,2020-2021,0,,
246,Colliers Wood United FC,M,,2017-2018,2020-2021,0,,
247,Colne FC,M,,2017-2018,2020-2021,0,,
248,Colney Heath FC,M,,2017-2018,2020-2021,0,,
249,Colwyn Bay FC,M,,2017-2018,2018-2019,0,,
250,Concord Rangers FC,M,,2014-2015,2019-2020,0,0,
251,Congleton Town FC,M,,2017-2018,2020-2021,0,,
252,Consett AFC,M,,2017-2018,2020-2021,0,,
253,Corby Town FC,M,,2017-2018,2020-2021,0,,
254,Corinthian FC,M,,2017-2018,2020-2021,0,,
255,Corinthian-Casuals FC,M,,2017-2018,2019-2020,0,,Corinthian Casuals FC
256,Corsham Town FC,M,,2020-2021,2020-2021,0,,
257,Coventry City FC,M,EFL Championship,1992-1993,2020-2021,29,1,
258,Coventry Sphinx FC,M,,2017-2018,2020-2021,0,,
259,Coventry United FC,M,,2017-2018,2020-2021,0,,
260,Cowes Sports FC,M,,2017-2018,2020-2021,0,,
261,Crawley Down Gatwick FC,M,,2017-2018,2020-2021,0,,
262,Crawley Green FC,M,,2017-2018,2020-2021,0,,Crawley Green Sports SC
263,Crawley Town FC,M,EFL League Two,2006-2007,2020-2021,15,1,
264,Cray Valley Paper Mills FC,M,,2017-2018,2020-2021,0,,
265,Cray Wanderers FC,M,,2017-2018,2019-2020,0,,
266,Crewe Alexandra FC,M,EFL League One,2001-2002,2020-2021,20,0,
267,Cribbs FC,M,,2017-2018,2020-2021,0,,
268,Crook Town AFC,M,,2020-2021,2020-2021,0,,
269,Crowborough Athletic FC,M,,2017-2018,2020-2021,0,,
270,Croydon FC,M,,2017-2018,2019-2020,0,,
271,Crystal Palace FC,M,Premier League,1992-1993,2020-2021,23,0,
272,Crystal Palace FC U23,M,Premier League 2 — Division 2,2020-2021,2020-2021,1,,
273,Curzon Ashton FC,M,,2016-2017,2019-2020,0,0,
274,Dagenham & Redbridge FC,M,National League,2006-2007,2020-2021,15,1,
275,Daisy Hill FC,M,,2020-2021,2020-2021,0,,
276,Darlington FC,M,,2002-2003,2019-2020,10,0,
277,Dartford FC,M,,2012-2013,2019-2020,3,0,
278,Daventry Town FC,M,,2017-2018,2020-2021,0,,
279,Deal Town FC,M,,2017-2018,2020-2021,0,,
280,Deeping Rangers FC,M,,2017-2018,2020-2021,0,,
281,Derby County FC,M,EFL Championship,1996-1997,2020-2021,25,0,
282,Derby County FC U23,M,Premier League 2 — Division 1,2016-2017,2020-2021,5,,
283,Dereham Town FC,M,,2017-2018,2020-2021,0,,
284,Desborough Town FC,M,,2017-2018,2020-2021,0,,
285,Didcot Town FC,M,,2015-2016,2020-2021,0,0,
286,Diss Town FC,M,,2017-2018,2020-2021,0,,
287,Doncaster Rovers FC,M,EFL League One,2003-2004,2020-2021,18,2,
288,Dorchester Town FC,M,,2017-2018,2019-2020,0,,
289,Dorking Wanderers FC,M,,2017-2018,2019-2020,0,,
290,Dover Athletic FC,M,National League,2014-2015,2020-2021,7,0,
291,Droylsden FC,M,,2007-2008,2020-2021,1,0,
292,Dulwich Hamlet FC,M,,2017-2018,2019-2020,0,0,
293,Dunkirk FC,M,,2017-2018,2020-2021,0,,
294,Dunstable Town FC,M,,2017-2018,2020-2021,0,,
295,Dunston UTS FC,M,,2017-2018,2020-2021,0,,
296,Durham City AFC,M,,2020-2021,2020-2021,0,,
297,Easington Sports FC,M,,2018-2019,2020-2021,0,,
298,East Grinstead Town FC,M,,2017-2018,2020-2021,0,,
299,East Preston FC,M,,2017-2018,2020-2021,0,,
300,East Thurrock United FC,M,,2014-2015,2019-2020,0,0,
301,Eastbourne Borough FC,M,,2008-2009,2019-2020,3,0,
302,Eastbourne Town FC,M,,2017-2018,2020-2021,0,,
303,Eastbourne United Association FC,M,,2017-2018,2020-2021,0,,Eastbourne United AFC
304,Eastleigh FC,M,National League,2014-2015,2020-2021,7,0,
305,Ebbsfleet United FC,M,National League,2006-2007,2019-2020,9,0,
306,Eccleshill United FC,M,,2018-2019,2020-2021,0,,
307,Edgware Town FC,M,,2017-2018,2020-2021,0,,
308,Egham Town FC,M,,2016-2017,2020-2021,0,,
309,Ellesmere Rangers FC,M,,2018-2019,2018-2019,0,,
310,Ely City FC,M,,2017-2018,2020-2021,0,,
311,Enfield FC,M,,2017-2018,2020-2021,0,,Enfield 1893 FC
312,Enfield Town FC,M,,2017-2018,2019-2020,0,,
313,Epsom & Ewell FC,M,,2017-2018,2018-2019,0,,
314,Erith & Belvedere FC,M,,2017-2018,2020-2021,0,,
315,Erith Town FC,M,,2017-2018,2020-2021,0,,
316,Eversley & California FC,M,,2017-2018,2017-2018,0,,
317,Everton FC,M,Premier League,1992-1993,2020-2021,29,0,
318,Everton FC U23,M,Premier League 2 — Division 1,2016-2017,2020-2021,5,2,
319,Everton LFC,F,FA Women's Super League,2017-2018,2020-2021,4,,
320,Evesham United FC,M,,2017-2018,2020-2021,0,,
321,Exeter City FC,M,EFL League Two,2002-2003,2020-2021,16,0,
322,Exmouth Town FC,M,,2017-2018,2020-2021,0,,
323,Eynesbury Rovers FC,M,,2017-2018,2020-2021,0,,
324,Fairford Town FC,M,,2017-2018,2020-2021,0,,
325,Fakenham Town FC,M,,2017-2018,2019-2020,0,,
326,Fareham Town FC,M,,2017-2018,2020-2021,0,,
327,Farnborough FC,M,,2017-2018,2020-2021,0,,
328,Farnham Town FC,M,,2017-2018,2020-2021,0,,
329,Farsley AFC,M,,2017-2018,2019-2020,0,,Farsley Celtic FC
330,Farsley Celtic AFC,M,,2007-2008,2007-2008,1,0,
331,Faversham Town FC,M,,2017-2018,2020-2021,0,,
332,Fawley AFC,M,,2017-2018,2020-2021,0,,
333,FC Clacton,M,,2017-2018,2020-2021,0,,
334,FC Halifax Town,M,National League,2013-2014,2020-2021,7,0,
335,FC Romania,M,,2017-2018,2020-2021,0,,
336,FC United of Manchester,M,,2015-2016,2019-2020,0,0,
337,Felixstowe & Walton United FC,M,,2017-2018,2020-2021,0,,
338,Fisher FC,M,,2018-2019,2020-2021,0,,
339,Flackwell Heath FC,M,,2017-2018,2020-2021,0,,
340,Fleet Town FC,M,,2017-2018,2020-2021,0,,
341,Fleetwood Town FC,M,EFL League One,2010-2011,2020-2021,11,1,
342,Folkestone Invicta FC,M,,2017-2018,2019-2020,0,,
343,Forest Green Rovers FC,M,EFL League Two,2006-2007,2020-2021,15,0,
344,Framlingham Town FC,M,,2017-2018,2020-2021,0,,
345,Frickley Athletic FC,M,,2017-2018,2020-2021,0,,
346,Frimley Green FC,M,,2018-2019,2020-2021,0,,
347,Frome Town FC,M,,2017-2018,2020-2021,0,,
348,Fulham FC,M,Premier League,2001-2002,2020-2021,20,0,
349,Fulham FC U23,M,Premier League 2 — Division 2,2016-2017,2020-2021,5,,
350,Gainsborough Trinity FC,M,,2015-2016,2019-2020,0,0,
351,Garforth Town AFC,M,,2017-2018,2020-2021,0,,
352,Gateshead FC,M,,2009-2010,2019-2020,10,0,
353,Gillingham FC,M,EFL League One,2001-2002,2020-2021,20,1,
354,Glasshoughton Welfare AFC,M,,2018-2019,2020-2021,0,,
355,Glebe FC,M,,2017-2018,2020-2021,0,,
356,Glossop North End AFC,M,,2017-2018,2020-2021,0,,
357,Gloucester City AFC,M,,2017-2018,2019-2020,0,,
358,Godalming Town FC,M,,2017-2018,2018-2019,0,,
359,Godmanchester Rovers FC,M,,2017-2018,2020-2021,0,,
360,Goole AFC,M,,2017-2018,2020-2021,0,,
361,Gorleston FC,M,,2017-2018,2020-2021,0,,
362,Gosport Borough FC,M,,2014-2015,2019-2020,0,0,
363,Grantham Town FC,M,,2017-2018,2019-2020,0,,
364,Grays Athletic FC,M,,2006-2007,2020-2021,4,0,
365,Great Wakering Rovers FC,M,,2017-2018,2020-2021,0,,
366,Great Yarmouth Town FC,M,,2017-2018,2019-2020,0,,
367,Greenwich Borough FC,M,,2017-2018,2019-2020,0,,
368,Gresley FC,M,,2017-2018,2020-2021,0,,
369,Grimsby Borough FC,M,,2017-2018,2020-2021,0,,
370,Grimsby Town FC,M,EFL League Two,2001-2002,2020-2021,20,0,
371,Guildford City FC,M,,2017-2018,2020-2021,0,,
372,Guisborough Town FC,M,,2017-2018,2020-2021,0,,
373,Guiseley AFC,M,,2015-2016,2019-2020,3,0,
374,Hackney Wick FC,M,,2017-2018,2019-2020,0,,
375,Hadleigh United FC,M,,2017-2018,2020-2021,0,,
376,Hadley FC,M,,2017-2018,2020-2021,0,,
377,Hailsham Town FC,M,,2017-2018,2017-2018,0,,
378,Halesowen Town FC,M,,2017-2018,2020-2021,0,,
379,Halifax Town AFC,M,,2006-2007,2007-2008,2,0,
380,Hall Road Rangers FC,M,,2017-2018,2020-2021,0,,
381,Hallam FC,M,,2017-2018,2019-2020,0,,
382,Hallen AFC,M,,2017-2018,2020-2021,0,,
383,Halstead Town FC,M,,2019-2020,2020-2021,0,,
384,Hamble Club FC,M,,2018-2019,2020-2021,0,,
385,Hampton & Richmond Borough FC,M,,2017-2018,2019-2020,0,0,
386,Hamworthy United FC,M,,2017-2018,2020-2021,0,,
387,Handsworth Parramore FC,M,,2017-2018,2020-2021,0,,
388,Hanley Town FC,M,,2017-2018,2020-2021,0,,
389,Hanwell Town FC,M,,2017-2018,2020-2021,0,,
390,Hanworth Villa FC,M,,2017-2018,2020-2021,0,,
391,Harborough Town FC,M,,2017-2018,2020-2021,0,,
392,Harefield United FC,M,,2019-2020,2020-2021,0,,
393,Haringey Borough FC,M,,2017-2018,2019-2020,0,0,
394,Harlow Town FC,M,,2017-2018,2020-2021,0,,
395,Harpenden Town FC,M,,2017-2018,2020-2021,0,,
396,Harrogate Railway Athletic FC,M,,2017-2018,2019-2020,0,,Harrogate Railway AFC
397,Harrogate Town FC,M,EFL League Two,2016-2017,2020-2021,3,0,Harrogate Town AFC
398,Harrow Borough FC,M,,2016-2017,2020-2021,0,0,
399,Harrowby United FC,M,,2017-2018,2017-2018,0,,
400,Hartlepool United FC,M,National League,2002-2003,2020-2021,19,0,
401,Hartley Wintney FC,M,,2017-2018,2020-2021,0,,
402,Harwich & Parkeston FC,M,,2019-2020,2019-2020,0,,
403,Hashtag United FC,M,,2020-2021,2020-2021,0,,
404,Hassocks FC,M,,2017-2018,2020-2021,0,,
405,Hastings United FC,M,,2017-2018,2020-2021,0,,
406,Haughmond FC,M,,2017-2018,2020-2021,0,,
407,Havant & Waterlooville FC,M,,2014-2015,2019-2020,1,0,
408,Haverhill Borough FC,M,,2017-2018,2018-2019,0,,
409,Haverhill Rovers FC,M,,2017-2018,2020-2021,0,,
410,Hayes & Yeading United FC,M,,2009-2010,2019-2020,3,0,
411,Haywards Heath Town FC,M,,2017-2018,2020-2021,0,,
412,Heanor Town FC,M,,2017-2018,2019-2020,0,,
413,Heather St John's FC,M,,2018-2019,2020-2021,0,,Heather St. John's FC
414,Heaton Stannington FC,M,,2017-2018,2020-2021,0,,
415,Hebburn Town FC,M,,2018-2019,2020-2021,0,,
416,Hednesford Town FC,M,,2017-2018,2019-2020,0,,
417,Helston Athletic FC,M,,2020-2021,2020-2021,0,,
418,Hemel Hempstead Town FC,M,,2014-2015,2019-2020,0,0,
419,Hemsworth Miners Welfare FC,M,,2017-2018,2020-2021,0,,
420,Hendon FC,M,,2016-2017,2019-2020,0,,
421,Hengrove Athletic FC,M,,2017-2018,2019-2020,0,,
422,Hereford FC,M,,2017-2018,2019-2020,0,0,
423,Hereford United FC,M,,2006-2007,2013-2014,8,0,
424,Herne Bay FC,M,,2017-2018,2020-2021,0,,
425,Hertford Town FC,M,,2017-2018,2020-2021,0,,
426,Heybridge Swifts FC,M,,2017-2018,2020-2021,0,0,
427,Highgate United FC,M,,2017-2018,2020-2021,0,,
428,Highworth Town FC,M,,2017-2018,2020-2021,0,,
429,Hinckley AFC,M,,2017-2018,2018-2019,0,,
430,Histon FC,M,,2007-2008,2020-2021,4,0,
431,Hitchin Town FC,M,,2017-2018,2019-2020,0,0,
432,Hoddesdon Town FC,M,,2017-2018,2020-2021,0,,
433,Holbeach United FC,M,,2017-2018,2020-2021,0,,
434,Hollands & Blair FC,M,,2017-2018,2020-2021,0,,
435,Holmer Green FC,M,,2017-2018,2020-2021,0,,
436,Holmesdale FC,M,,2017-2018,2017-2018,0,,
437,Holyport FC,M,,2018-2019,2018-2019,0,,
438,Horley Town FC,M,,2017-2018,2020-2021,0,,
439,Horndean FC,M,,2017-2018,2020-2021,0,,
440,Horsham FC,M,,2017-2018,2019-2020,0,,
441,Horsham YMCA FC,M,,2017-2018,2020-2021,0,,
442,Huddersfield Town AFC,M,EFL Championship,2002-2003,2020-2021,19,0,
443,Hull City AFC,M,EFL League One,2002-2003,2020-2021,19,0,
444,Hullbridge Sports FC,M,,2017-2018,2020-2021,0,,
445,Hungerford Town FC,M,,2017-2018,2019-2020,0,,
446,Huntingdon Town FC,M,,2017-2018,2017-2018,0,,
447,Hyde FC,M,,2012-2013,2013-2014,2,0,
448,Hythe & Dibden FC,M,,2019-2020,2019-2020,0,,
449,Hythe Town FC,M,,2017-2018,2020-2021,0,,
450,Ilford FC,M,,2017-2018,2020-2021,0,,
451,Ilkeston Town FC,M,,2019-2020,2020-2021,0,,
452,Ipswich Town FC,M,EFL League One,1992-1993,2020-2021,24,0,
453,Ipswich Wanderers FC,M,,2017-2018,2020-2021,0,,
454,Irlam FC,M,,2017-2018,2020-2021,0,,
455,Jarrow Roofing Boldon Community Association FC,M,,2017-2018,2017-2018,0,,Jarrow Roofing Boldon CA FC
456,K Sports FC,M,,2018-2019,2020-2021,0,,
457,Kendal Town FC,M,,2017-2018,2020-2021,0,,
458,Kennington FC,M,,2020-2021,2020-2021,0,,
459,Kettering Town FC,M,,2008-2009,2019-2020,4,0,
460,Keynsham Town FC,M,,2017-2018,2020-2021,0,,
461,Kidderminster Harriers FC,M,,2002-2003,2019-2020,13,0,
462,Kidlington FC,M,,2017-2018,2020-2021,0,,
463,Kidsgrove Athletic FC,M,,2017-2018,2020-2021,0,,
464,Kimberley Miners Welfare FC,M,,2017-2018,2018-2019,0,,
465,King's Lynn Town FC,M,,2017-2018,2020-2021,1,,
466,Kings Langley FC,M,,2017-2018,2019-2020,0,,
467,Kingstonian FC,M,,2017-2018,2020-2021,0,0,
468,Kirby Muxloe SC,M,,2017-2018,2020-2021,0,,Kirby Muxloe FC
469,Kirkley & Pakefield FC,M,,2017-2018,2020-2021,0,,
470,Knaphill FC,M,,2017-2018,2020-2021,0,,
471,Knaresborough Town AFC,M,,2018-2019,2020-2021,0,,
472,Lancaster City FC,M,,2017-2018,2019-2020,0,,
473,Lancing FC,M,,2017-2018,2020-2021,0,,
474,Langford FC,M,,2017-2018,2017-2018,0,,
475,Langney Wanderers FC,M,,2018-2019,2020-2021,0,,
476,Larkhall Athletic FC,M,,2017-2018,2020-2021,0,,
477,Laverstock & Ford FC,M,,2017-2018,2017-2018,0,,
478,Leamington FC,M,,2017-2018,2019-2020,0,,
479,Leatherhead FC,M,,2017-2018,2019-2020,0,0,
480,Leeds United FC,M,Premier League,1992-1993,2020-2021,29,1,
481,Leeds United FC U23,M,Premier League 2 — Division 2,2020-2021,2020-2021,1,,
482,Leek Town FC,M,,2017-2018,2020-2021,0,,
483,Leicester City FC,M,Premier League,1994-1995,2020-2021,26,3,
484,Leicester City FC U23,M,Premier League 2 — Division 1,2016-2017,2020-2021,5,,
485,Leicester Nirvana FC,M,,2017-2018,2020-2021,0,,
486,Leicester Road FC,M,,2017-2018,2019-2020,0,,
487,Leighton Town FC,M,,2017-2018,2020-2021,0,,
488,Leiston FC,M,,2016-2017,2020-2021,0,,
489,Leverstock Green FC,M,,2017-2018,2020-2021,0,,
490,Lewes FC,M,,2008-2009,2019-2020,1,0,
491,Leyton Athletic FC,M,,2017-2018,2019-2020,0,,
492,Leyton Orient FC,M,EFL League Two,2002-2003,2020-2021,19,1,
493,Lichfield City FC,M,,2019-2020,2019-2020,0,,
494,Lincoln City FC,M,EFL League One,2002-2003,2020-2021,19,2,
495,Lincoln United FC,M,,2016-2017,2020-2021,0,,
496,Lingfield FC,M,,2017-2018,2020-2021,0,,
497,Litherland REMYCA FC,M,,2017-2018,2020-2021,0,,
498,Little Common FC,M,,2017-2018,2020-2021,0,,
499,Little Oakley FC,M,,2020-2021,2020-2021,0,,
500,Littlehampton Town FC,M,,2017-2018,2018-2019,0,,
501,Liverpool FC,M,Premier League,1991-1992,2020-2021,29,1,
502,Liverpool FC U23,M,Premier League 2 — Division 1,2016-2017,2020-2021,5,,
503,Liverpool FC Women,F,,2014-2015,2019-2020,4,0,Liverpool LFC
504,Liversedge FC,M,,2017-2018,2020-2021,0,,
505,London Colney FC,M,,2017-2018,2020-2021,0,,
506,London Lions FC,M,,2018-2019,2020-2021,0,,
507,London Tigers FC,M,,2019-2020,2019-2020,0,,
508,Long Crendon FC,M,,2020-2021,2020-2021,0,,
509,Long Eaton United FC,M,,2017-2018,2020-2021,0,,
510,Long Melford FC,M,,2017-2018,2020-2021,0,,
511,Longlevens AFC,M,,2017-2018,2020-2021,0,,
512,Longridge Town FC,M,,2019-2020,2020-2021,0,,
513,Longwell Green Sports FC,M,,2017-2018,2018-2019,0,,
514,Lordswood FC,M,,2017-2018,2020-2021,0,,
515,Loughborough Dynamo FC,M,,2017-2018,2020-2021,0,,
516,Loughborough University FC,M,,2017-2018,2020-2021,0,,
517,Lower Breck FC,M,,2019-2020,2019-2020,0,,
518,Lowestoft Town FC,M,,2017-2018,2019-2020,0,,
519,Loxwood FC,M,,2017-2018,2020-2021,0,,
520,Luton Town FC,M,EFL Championship,2002-2003,2020-2021,19,3,
521,Lutterworth Town AFC,M,,2018-2019,2020-2021,0,,
522,Lydney Town AFC,M,,2017-2018,2020-2021,0,,
523,Lye Town FC,M,,2019-2020,2020-2021,0,,
524,Lymington Town FC,M,,2017-2018,2020-2021,0,,
525,Macclesfield Town FC,M,,2002-2003,2020-2021,19,1,
526,Maidenhead United FC,M,National League,2015-2016,2020-2021,4,0,
527,Maidstone United FC,M,,2014-2015,2019-2020,3,0,
528,Maine Road FC,M,,2017-2018,2020-2021,0,,
529,Maldon & Tiptree FC,M,,2017-2018,2020-2021,0,0,
530,Malmesbury Victoria FC,M,,2019-2020,2019-2020,0,,
531,Maltby Main FC,M,,2017-2018,2020-2021,0,,
532,Malvern Town FC,M,,2017-2018,2019-2020,0,,
533,Manchester City FC,M,Premier League,1992-1993,2020-2021,25,5,
534,Manchester City FC U23,M,Premier League 2 — Division 1,2016-2017,2020-2021,5,,
535,Manchester City WFC,F,FA Women's Super League,2016-2017,2020-2021,5,0,
536,Manchester United,F,FA Women's Super League,2019-2020,2020-2021,2,,WFC
537,Manchester United FC,M,Premier League,1992-1993,2020-2021,29,13,
538,Manchester United FC U23,M,Premier League 2 — Division 1,2016-2017,2020-2021,5,,
539,Mangotsfield United FC,M,,2017-2018,2020-2021,0,,
540,Mansfield Town FC,M,EFL League Two,2002-2003,2020-2021,19,1,
541,March Town United FC,M,,2019-2020,2019-2020,0,,
542,Margate FC,M,,2016-2017,2019-2020,0,,
543,Marine FC,M,,2017-2018,2020-2021,0,,Marine AFC
544,Market Drayton Town FC,M,,2017-2018,2020-2021,0,,
545,Marlow FC,M,,2017-2018,2020-2021,0,,
546,Marske United FC,M,,2017-2018,2020-2021,0,,
547,Matlock Town FC,M,,2016-2017,2020-2021,0,,
548,Melksham Town FC,M,,2017-2018,2020-2021,0,,
549,Melton Town FC,M,,2019-2020,2020-2021,0,,
550,Merstham FC,M,,2016-2017,2019-2020,0,0,
551,Merthyr Town FC,M,,2017-2018,2019-2020,0,,
552,Metropolitan Police FC,M,,2017-2018,2019-2020,0,0,
553,Mickleover Sports FC,M,,2017-2018,2019-2020,0,,
554,Middlesbrough FC,M,EFL Championship,1992-1993,2020-2021,26,0,
555,Middlesbrough FC U23,M,Premier League 2 — Division 2,2016-2017,2020-2021,5,,
556,Mildenhall Town FC,M,,2017-2018,2020-2021,0,,
557,Mile Oak FC,M,,2017-2018,2020-2021,0,,
558,Millbrook AFC,M,,2020-2021,2020-2021,0,,
559,Millwall FC,M,EFL Championship,2001-2002,2020-2021,20,0,
560,Milton Keynes Dons FC,M,EFL League One,2004-2005,2020-2021,17,1,
561,Mole Valley SCR FC,M,,2017-2018,2020-2021,0,,Sutton Common Rovers FC
562,Molesey FC,M,,2017-2018,2020-2021,0,,
563,Moneyfields FC,M,,2017-2018,2020-2021,0,,
564,Morecambe FC,M,EFL League Two,2006-2007,2020-2021,15,0,
565,Morpeth Town AFC,M,,2017-2018,2019-2020,0,,
566,Mossley AFC,M,,2017-2018,2020-2021,0,,
567,Mulbarton Wanderers FC,M,,2019-2020,2019-2020,0,,
568,Nantwich Town FC,M,,2016-2017,2019-2020,0,0,
569,Needham Market FC,M,,2017-2018,2019-2020,0,,
570,Nelson FC,M,,2017-2018,2017-2018,0,,
571,New Mills AFC,M,,2017-2018,2017-2018,0,,
572,New Salamis FC,M,,2020-2021,2020-2021,0,,
573,Newcastle Benfield FC,M,,2017-2018,2020-2021,0,,
574,Newcastle Town FC,M,,2017-2018,2020-2021,0,,
575,Newcastle United FC,M,Premier League,1993-1994,2020-2021,28,2,
576,Newcastle United FC U23,M,Premier League 2 — Division 2,2016-2017,2020-2021,5,,
577,Newent Town FC,M,,2020-2021,2020-2021,0,,
578,Newhaven FC,M,,2017-2018,2020-2021,0,,
579,Newmarket Town FC,M,,2017-2018,2020-2021,0,,
580,Newport,M,,2017-2018,2018-2019,0,,Isle of Wight FC
581,Newport County AFC,M,EFL League Two,2010-2011,2020-2021,11,0,
582,Newport Pagnell Town FC,M,,2017-2018,2020-2021,0,,
583,Newton Abbot Spurs AFC,M,,2020-2021,2020-2021,0,,
584,Newton Aycliffe FC,M,,2017-2018,2020-2021,0,,
585,North Ferriby United AFC,M,,2016-2017,2018-2019,1,0,
586,North Greenford United FC,M,,2017-2018,2020-2021,0,,
587,North Leigh FC,M,,2016-2017,2020-2021,0,,
588,North Shields FC,M,,2017-2018,2020-2021,0,,
589,Northallerton Town FC,M,,2018-2019,2020-2021,0,,
590,Northampton ON Chenecks FC,M,,2017-2018,2020-2021,0,,
591,Northampton Sileby Rangers FC,M,,2017-2018,2018-2019,0,,
592,Northampton Town FC,M,EFL League One,2002-2003,2020-2021,19,1,
593,Northwich Victoria FC,M,,2006-2007,2020-2021,3,0,
594,Northwood FC,M,,2017-2018,2020-2021,0,,
595,Norton United FC,M,,2014-2015,2014-2015,0,0,
596,Norwich CBS FC,M,,2019-2020,2019-2020,0,,
597,Norwich City FC,M,EFL Championship,1992-1993,2020-2021,23,3,
598,Norwich City FC U23,M,Premier League 2 — Division 2,2016-2017,2020-2021,5,,
599,Norwich United FC,M,,2017-2018,2020-2021,0,,
600,Nostell Miners Welfare FC,M,,2019-2020,2019-2020,0,,
601,Nottingham Forest FC,M,EFL Championship,1992-1993,2020-2021,25,0,
602,Notts County FC,M,National League,2002-2003,2020-2021,19,1,
603,Nuneaton Town FC,M,,2012-2013,2019-2020,3,0,Nuneaton Borough FC
604,Oadby Town FC,M,,2017-2018,2020-2021,0,,
605,Oakwood FC,M,,2020-2021,2020-2021,0,,
606,Odd Down FC,M,,2017-2018,2020-2021,0,,Odd Down AFC
607,Oldham Athletic AFC,M,EFL League Two,1992-1993,2020-2021,21,0,
608,Ossett Albion AFC,M,,2017-2018,2017-2018,0,,
609,Ossett Town FC,M,,2017-2018,2017-2018,0,,Ossett Town AFC
610,Ossett United FC,M,,2018-2019,2020-2021,0,,
611,Oxford City FC,M,,2017-2018,2019-2020,0,0,
612,Oxford United FC,M,EFL League One,2002-2003,2020-2021,19,0,
613,Oxhey Jets FC,M,,2017-2018,2020-2021,0,,
614,Padiham FC,M,,2017-2018,2020-2021,0,,
615,Pagham FC,M,,2017-2018,2020-2021,0,,
616,Park View FC,M,,2020-2021,2020-2021,0,,
617,Parkgate FC,M,,2017-2018,2018-2019,0,,
618,Paulton Rovers FC,M,,2017-2018,2020-2021,0,,
619,Peacehaven & Telscombe FC,M,,2017-2018,2020-2021,0,,
620,Penistone Church FC,M,,2017-2018,2020-2021,0,,
621,Penrith FC,M,,2017-2018,2020-2021,0,,Penrith AFC
622,Peterborough Northern Star FC,M,,2017-2018,2020-2021,0,,
623,Peterborough Sports FC,M,,2017-2018,2019-2020,0,,
624,Peterborough United FC,M,EFL League One,2002-2003,2020-2021,19,0,
625,Petersfield Town FC,M,,2017-2018,2018-2019,0,,
626,Pewsey Vale FC,M,,2018-2019,2018-2019,0,,
627,Phoenix Sports FC,M,,2017-2018,2020-2021,0,,
628,Pickering Town FC,M,,2017-2018,2020-2021,0,,
629,Pinchbeck United FC,M,,2018-2019,2020-2021,0,,
630,Plymouth Argyle FC,M,EFL League One,2002-2003,2020-2021,19,1,
631,Plymouth Parkway FC,M,,2017-2018,2020-2021,0,,
632,Pontefract Collieries FC,M,,2017-2018,2020-2021,0,,
633,Poole Town FC,M,,2017-2018,2019-2020,0,,
634,Port Vale FC,M,EFL League Two,2002-2003,2020-2021,19,0,
635,Portland United FC,M,,2017-2018,2020-2021,0,,
636,Portsmouth FC,M,EFL League One,2001-2002,2020-2021,20,2,
637,Potters Bar Town FC,M,,2016-2017,2019-2020,0,,
638,Potton United FC,M,,2017-2018,2020-2021,0,,
639,Prescot Cables FC,M,,2017-2018,2020-2021,0,,
640,Preston North End FC,M,EFL Championship,2001-2002,2020-2021,20,0,
641,Prestwich Heys AFC,M,,2018-2019,2018-2019,0,,
642,Punjab United FC,M,,2019-2020,2020-2021,0,,
643,Queens Park Rangers FC,M,EFL Championship,1992-1993,2020-2021,23,1,
644,Quorn FC,M,,2017-2018,2020-2021,0,,Quorn AFC
645,Racing Club Warwick FC,M,,2018-2019,2020-2021,0,,
646,Radcliffe Borough FC,M,,2017-2018,2019-2020,0,,Radcliffe FC
647,Radford FC,M,,2017-2018,2020-2021,0,,
648,Rainworth Miners Welfare FC,M,,2017-2018,2018-2019,0,,
649,Ramsbottom United FC,M,,2017-2018,2020-2021,0,,
650,Ramsgate FC,M,,2017-2018,2020-2021,0,,
651,Raunds Town FC,M,,2017-2018,2018-2019,0,,
652,Raynes Park Vale FC,M,,2017-2018,2020-2021,0,,
653,Reading City FC,M,,2017-2018,2020-2021,0,,
654,Reading FC,M,EFL Championship,2002-2003,2020-2021,19,2,
655,Reading FC U23,M,Premier League 2 — Division 2,2016-2017,2020-2021,5,,
656,Reading FC Women,F,FA Women's Super League,2017,2020-2021,5,,
657,Redbridge FC,M,,2017-2018,2020-2021,0,,
658,Redditch United FC,M,,2017-2018,2019-2020,0,,
659,Redhill FC,M,,2017-2018,2020-2021,0,,
660,Retford United FC,M,,2017-2018,2017-2018,0,,
661,Ringwood Town FC,M,,2017-2018,2017-2018,0,,
662,Risborough Rangers FC,M,,2017-2018,2020-2021,0,,
663,Rocester FC,M,,2017-2018,2018-2019,0,,
664,Rochdale AFC,M,EFL League One,2002-2003,2020-2021,19,0,
665,Rochester United FC,M,,2017-2018,2018-2019,0,,
666,Roman Glass St George FC,M,,2018-2019,2020-2021,0,,Roman Glass St. George FC
667,Romford FC,M,,2017-2018,2020-2021,0,,
668,Romsey Town FC,M,,2018-2019,2019-2020,0,,
669,Romulus FC,M,,2017-2018,2020-2021,0,,
670,Rotherham United FC,M,EFL Championship,2001-2002,2020-2021,20,0,
671,Rothwell Corinthians FC,M,,2017-2018,2020-2021,0,,
672,Royston Town FC,M,,2017-2018,2020-2021,0,,
673,Rugby Town AFC,M,,2017-2018,2020-2021,0,,
674,Runcorn Linnets FC,M,,2017-2018,2020-2021,0,,
675,Runcorn Town FC,M,,2017-2018,2020-2021,0,,
676,Rushall Olympic FC,M,,2017-2018,2019-2020,0,,
677,Rushden & Diamonds FC,M,,2002-2003,2010-2011,9,1,
678,Rusthall FC,M,,2017-2018,2019-2020,0,,
679,Ryhope Colliery Welfare FC,M,,2017-2018,2020-2021,0,,
680,Rylands FC,M,,2019-2020,2020-2021,0,,
681,Saffron Walden Town FC,M,,2017-2018,2020-2021,0,,
682,Salford City FC,M,EFL League Two,2015-2016,2020-2021,3,0,
683,Salisbury City FC,M,,2007-2008,2013-2014,4,0,
684,Salisbury FC,M,,2017-2018,2019-2020,0,,
685,Saltash United FC,M,,2018-2019,2020-2021,0,,
686,Saltdean United FC,M,,2017-2018,2020-2021,0,,
687,Sandbach United FC,M,,2018-2019,2018-2019,0,,
688,Sandhurst Town FC,M,,2018-2019,2020-2021,0,,
689,Sawbridgeworth Town FC,M,,2017-2018,2020-2021,0,,
690,Scarborough Athletic FC,M,,2017-2018,2019-2020,0,,
691,Scunthorpe United FC,M,EFL League Two,2002-2003,2020-2021,19,1,
692,Seaham Red Star FC,M,,2017-2018,2020-2021,0,,
693,Selby Town FC,M,,2018-2019,2018-2019,0,,
694,Selsey FC,M,,2019-2020,2019-2020,0,,
695,Selston FC,M,,2019-2020,2020-2021,0,,
696,Sevenoaks Town FC,M,,2017-2018,2020-2021,0,,
697,Shaftesbury FC,M,,2017-2018,2020-2021,0,,
698,Shaw Lane Aquaforce FC,M,,2017-2018,2017-2018,0,0,Shaw Lane Aquaforce
699,Shawbury United FC,M,,2017-2018,2018-2019,0,,
700,Sheerwater FC,M,,2019-2020,2020-2021,0,,
701,Sheffield FC,M,,2017-2018,2020-2021,0,,
702,Sheffield United FC,M,Premier League,1992-1993,2020-2021,22,1,
703,Sheffield Wednesday FC,M,EFL Championship,1992-1993,2020-2021,28,0,
704,Shelley Community FC,M,,2020-2021,2020-2021,0,,
705,Sheppey & Sheerness United FC,M,,2017-2018,2020-2021,0,,Sheppey United FC
706,Shepshed Dynamo FC,M,,2017-2018,2020-2021,0,,
707,Shepton Mallet FC,M,,2017-2018,2020-2021,0,,Shepton Mallet AFC
708,Sherborne Town FC,M,,2017-2018,2020-2021,0,,
709,Sherwood Colliery FC,M,,2019-2020,2020-2021,0,,
710,Shifnal Town FC,M,,2020-2021,2020-2021,0,,
711,Shildon AFC,M,,2017-2018,2020-2021,0,,
712,Shirebrook Town FC,M,,2018-2019,2018-2019,0,,
713,Sholing FC,M,,2017-2018,2020-2021,0,,
714,Shoreham FC,M,,2017-2018,2020-2021,0,,
715,Shortwood United FC,M,,2017-2018,2019-2020,0,,Shortwood United AFC
716,Shrewsbury Town FC,M,EFL League One,2002-2003,2020-2021,18,0,
717,Shrivenham FC,M,,2019-2020,2020-2021,0,,
718,Silsden FC,M,,2018-2019,2020-2021,0,,Silsden AFC
719,Sittingbourne FC,M,,2017-2018,2020-2021,0,,
720,Skelmersdale United FC,M,,2017-2018,2020-2021,0,,
721,Sleaford Town FC,M,,2017-2018,2020-2021,0,,
722,Slimbridge FC,M,,2017-2018,2020-2021,0,,Slimbridge AFC
723,Slough Town FC,M,,2017-2018,2019-2020,0,0,
724,Soham Town Rangers FC,M,,2017-2018,2020-2021,0,,
725,Solihull Moors FC,M,National League,2016-2017,2020-2021,5,0,
726,South Normanton Athletic FC,M,,2017-2018,2019-2020,0,,
727,South Park FC,M,,2017-2018,2020-2021,0,,
728,South Shields FC,M,,2017-2018,2019-2020,0,,
729,Southall FC,M,,2017-2018,2020-2021,0,,
730,Southampton FC,M,Premier League,1992-1993,2020-2021,29,0,
731,Southampton FC U23,M,Premier League 2 — Division 1,2016-2017,2020-2021,5,,
732,Southend Manor FC,M,,2017-2018,2020-2021,0,,
733,Southend United FC,M,EFL League Two,2002-2003,2020-2021,19,1,
734,Southport FC,M,,2006-2007,2019-2020,8,0,
735,Spalding United FC,M,,2017-2018,2020-2021,0,,
736,Spelthorne Sports FC,M,,2017-2018,2020-2021,0,,
737,Spennymoor Town FC,M,,2016-2017,2019-2020,0,0,
738,Sporting Bengal United FC,M,,2017-2018,2020-2021,0,,
739,Sporting Khalsa FC,M,,2017-2018,2020-2021,0,,
740,Squires Gate FC,M,,2017-2018,2020-2021,0,,
741,St Albans City FC,M,,2006-2007,2019-2020,1,0,St. Albans City FC
742,St Andrews FC,M,,2017-2018,2018-2019,0,,St. Andrews FC
743,St Helens Town AFC,M,,2020-2021,2020-2021,0,,
744,St Ives Town FC,M,,2017-2018,2019-2020,0,,St. Ives Town FC
745,St Neots Town FC,M,,2017-2018,2020-2021,0,,St. Neots Town FC
746,St. Margaretsbury FC,M,,2017-2018,2020-2021,0,,
747,Stafford Rangers FC,M,,2006-2007,2019-2020,2,0,
748,Staines Town FC,M,,2015-2016,2020-2021,0,0,
749,Stalybridge Celtic FC,M,,2015-2016,2020-2021,0,0,
750,Stamford AFC,M,,2016-2017,2020-2021,0,0,
751,Stansfeld O&BC FC,M,,2020-2021,2020-2021,0,,
752,Stansted FC,M,,2017-2018,2020-2021,0,,
753,Stanway Rovers FC,M,,2017-2018,2020-2021,0,,
754,Staveley Miners Welfare FC,M,,2017-2018,2020-2021,0,,
755,Stevenage FC,M,EFL League Two,2006-2007,2020-2021,15,1,Stevenage Borough FC
756,Steyning Town FC,M,,2017-2018,2020-2021,0,,
757,Stockport County FC,M,National League,2001-2002,2020-2021,14,0,
758,Stocksbridge Park Steels FC,M,,2017-2018,2020-2021,0,,
759,Stockton Town FC,M,,2017-2018,2020-2021,0,,
760,Stoke City FC,M,EFL Championship,2002-2003,2020-2021,19,0,
761,Stoke City FC U23,M,Premier League 2 — Division 2,2016-2017,2020-2021,5,,
762,Stone Old Alleynians FC,M,,2019-2020,2020-2021,0,,
763,Stotfold FC,M,,2017-2018,2019-2020,0,,
764,Stourbridge FC,M,,2015-2016,2019-2020,0,0,
765,Stourport Swifts FC,M,,2017-2018,2020-2021,0,,
766,Stowmarket Town FC,M,,2017-2018,2020-2021,0,,
767,Stratford Town FC,M,,2017-2018,2019-2020,0,,
768,Street FC,M,,2017-2018,2020-2021,0,,
769,Sun Postal Sports FC,M,,2017-2018,2017-2018,0,,Sun Sports FC
770,Sunderland AFC,M,EFL League One,1996-1997,2020-2021,23,2,
771,Sunderland AFC Ladies,F,,2017,2017-2018,2,,
772,Sunderland AFC U23,M,Premier League 2 — Division 2,2016-2017,2020-2021,5,,
773,Sunderland Ryhope Community Association FC,M,,2017-2018,2020-2021,0,,Sunderland Ryhope CA FC
774,Sutton Athletic FC,M,,2019-2020,2020-2021,0,,
775,Sutton Coldfield Town FC,M,,2017-2018,2020-2021,0,,
776,Sutton United FC,M,National League,2016-2017,2020-2021,5,0,
777,Swaffham Town FC,M,,2017-2018,2020-2021,0,,
778,Swansea City AFC,M,EFL Championship,2002-2003,2020-2021,19,1,
779,Swansea City AFC U23,M,,2016-2017,2019-2020,4,1,
780,Swansea City Ladies FC,F,,2017-2018,2017-2018,0,,
781,Swindon Supermarine FC,M,,2017-2018,2019-2020,0,,
782,Swindon Town FC,M,EFL League One,1993-1994,2020-2021,20,2,
783,Tadcaster Albion AFC,M,,2017-2018,2020-2021,0,,
784,Tadley Calleva FC,M,,2018-2019,2020-2021,0,,
785,Takeley FC,M,,2017-2018,2020-2021,0,,
786,Tamworth FC,M,,2006-2007,2019-2020,6,0,
787,Taunton Town FC,M,,2016-2017,2019-2020,0,0,
788,Tavistock AFC,M,,2017-2018,2020-2021,0,,
789,Team Northumbria FC,M,,2017-2018,2018-2019,0,,
790,Team Solent FC,M,,2017-2018,2019-2020,0,,
791,Teversal FC,M,,2018-2019,2018-2019,0,,
792,Thackley FC,M,,2017-2018,2020-2021,0,,Thackley AFC
793,Thame Rangers FC,M,,2019-2020,2020-2021,0,,
794,Thame United FC,M,,2017-2018,2020-2021,0,,
795,Thamesmead Town FC,M,,2017-2018,2018-2019,0,,
796,Thatcham Town FC,M,,2017-2018,2020-2021,0,,
797,Thetford Town FC,M,,2017-2018,2020-2021,0,,
798,Thornaby FC,M,,2019-2020,2020-2021,0,,
799,Thornbury Town FC,M,,2019-2020,2019-2020,0,,
800,Three Bridges FC,M,,2017-2018,2020-2021,0,,
801,Thurrock FC,M,,2017-2018,2017-2018,0,,
802,Tilbury FC,M,,2017-2018,2020-2021,0,,
803,Tiverton Town FC,M,,2017-2018,2019-2020,0,,
804,Tividale FC,M,,2017-2018,2020-2021,0,,
805,Tonbridge Angels FC,M,,2016-2017,2019-2020,0,,
806,Tooting & Mitcham United FC,M,,2017-2018,2020-2021,0,,
807,Tooting Bec FC,M,,2019-2020,2019-2020,0,,
808,Torquay United FC,M,National League,2002-2003,2020-2021,18,0,
809,Torrington FC,M,,2020-2021,2020-2021,0,,
810,Tottenham Hotspur FC,M,Premier League,1992-1993,2020-2021,29,0,
811,Tottenham Hotspur FC U23,M,Premier League 2 — Division 1,2016-2017,2020-2021,5,,
812,Tottenham Hotspur LFC,F,FA Women's Super League,2019-2020,2020-2021,2,,Tottenham Hotspur Women
813,Totton & Eling FC,M,,2020-2021,2020-2021,0,,
814,Tower Hamlets FC,M,,2017-2018,2020-2021,0,,
815,Trafford FC,M,,2017-2018,2020-2021,0,,
816,Tranmere Rovers FC,M,EFL League Two,2002-2003,2020-2021,19,0,
817,Tring Athletic FC,M,,2017-2018,2020-2021,0,,
818,Truro City FC,M,,2017-2018,2019-2020,0,0,
819,Tuffley Rovers FC,M,,2017-2018,2020-2021,0,,
820,Tunbridge Wells FC,M,,2017-2018,2020-2021,0,,
821,United Services Portsmouth FC,M,,2018-2019,2019-2020,0,,
822,Uxbridge FC,M,,2017-2018,2020-2021,0,,
823,Vauxhall Motors FC,M,,2019-2020,2019-2020,0,,
824,VCD Athletic FC,M,,2017-2018,2020-2021,0,,
825,Verwood Town FC,M,,2017-2018,2017-2018,0,,
826,Virginia Water FC,M,,2019-2020,2020-2021,0,,
827,Walsall FC,M,EFL League Two,2001-2002,2020-2021,20,1,
828,Walsall Wood FC,M,,2017-2018,2020-2021,0,,
829,Walsham-le-Willows FC,M,,2017-2018,2020-2021,0,,
830,Waltham Abbey FC,M,,2017-2018,2020-2021,0,,
831,Waltham Forest FC,M,,2017-2018,2020-2021,0,,Walthamstow FC
832,Walton & Hersham FC,M,,2017-2018,2019-2020,0,,
833,Walton Casuals FC,M,,2017-2018,2019-2020,0,,
834,Wantage Town FC,M,,2017-2018,2020-2021,0,,
835,Ware FC,M,,2017-2018,2020-2021,0,,
836,Warrington Town FC,M,,2014-2015,2019-2020,0,0,
837,Washington FC,M,,2017-2018,2018-2019,0,,
838,Watford FC,M,EFL Championship,1999-2000,2020-2021,21,0,
839,Wealdstone FC,M,,2015-2016,2020-2021,1,0,
840,Wednesfield FC,M,,2018-2019,2019-2020,0,,
841,Welling Town FC,M,,2019-2020,2020-2021,0,,
842,Welling United FC,M,,2013-2014,2019-2020,3,0,
843,Wellingborough Town FC,M,,2017-2018,2020-2021,0,,
844,Wellingborough Whitworth FC,M,,2017-2018,2020-2021,0,,Wellingborough Whitworths FC
845,Wellington AFC,M,,2017-2018,2020-2021,0,,
846,Wellington FC,M,,2017-2018,2020-2021,0,,
847,Wells City FC,M,,2017-2018,2020-2021,0,,
848,Welwyn Garden City FC,M,,2017-2018,2020-2021,0,,
849,Wembley FC,M,,2017-2018,2020-2021,0,,
850,West Allotment Celtic FC,M,,2017-2018,2020-2021,0,,
851,West Auckland Town FC,M,,2017-2018,2020-2021,0,,West Auckland Town AFC
852,West Bridgford FC,M,,2017-2018,2020-2021,0,,
853,West Bromwich Albion FC,M,Premier League,2001-2002,2020-2021,20,1,
854,West Bromwich Albion FC U23,M,Premier League 2 — Division 2,2016-2017,2020-2021,5,,
855,West Didsbury & Chorlton AFC,M,,2017-2018,2019-2020,0,,
856,West Essex FC,M,,2017-2018,2020-2021,0,,
857,West Ham United FC,M,Premier League,1993-1994,2020-2021,28,0,
858,West Ham United FC U23,M,Premier League 2 — Division 1,2016-2017,2020-2021,5,,
859,West Ham United FC Women,F,FA Women's Super League,2018-2019,2020-2021,3,,
860,Westbury United FC,M,,2018-2019,2020-2021,0,,
861,Westfield FC,M,,2017-2018,2020-2021,0,,
862,Westfields FC,M,,2016-2017,2020-2021,0,0,
863,Weston-super-Mare AFC,M,,2014-2015,2019-2020,0,0,
864,Westside FC,M,,2020-2021,2020-2021,0,,
865,Weymouth FC,M,,2006-2007,2020-2021,4,0,
866,Whickham FC,M,,2018-2019,2020-2021,0,,Whickham AFC
867,Whitby Town FC,M,,2017-2018,2019-2020,0,,
868,Whitchurch Alport FC,M,,2017-2018,2020-2021,0,,
869,Whitchurch United FC,M,,2017-2018,2020-2021,0,,
870,White Ensign FC,M,,2019-2020,2019-2020,0,,
871,Whitehawk FC,M,,2015-2016,2020-2021,0,0,
872,Whitley Bay FC,M,,2017-2018,2020-2021,0,,
873,Whitstable Town FC,M,,2017-2018,2020-2021,0,,
874,Whitton United FC,M,,2018-2019,2020-2021,0,,
875,Whyteleafe FC,M,,2017-2018,2020-2021,0,,
876,Wick & Barnham United FC,M,,2017-2018,2018-2019,0,,Wick FC
877,Widnes FC,M,,2017-2018,2020-2021,0,,
878,Wigan Athletic FC,M,EFL League One,2002-2003,2020-2021,19,3,
879,Willand Rovers FC,M,,2017-2018,2020-2021,0,,
880,Wimbledon FC,M,,1992-1993,2003-2004,11,0,
881,Wimborne Town FC,M,,2017-2018,2020-2021,0,,
882,Winchester City FC,M,,2017-2018,2020-2021,0,,
883,Windsor FC,M,,2017-2018,2020-2021,0,,
884,Wingate & Finchley FC,M,,2017-2018,2019-2020,0,,
885,Winsford United FC,M,,2017-2018,2020-2021,0,,
886,Winslow United FC,M,,2018-2019,2020-2021,0,,
887,Winterton Rangers FC,M,,2019-2020,2019-2020,0,,
888,Wisbech Town FC,M,,2017-2018,2020-2021,0,,
889,Witham Town FC,M,,2017-2018,2020-2021,0,,
890,Witton Albion FC,M,,2017-2018,2019-2020,0,,
891,Wivenhoe Town FC,M,,2017-2018,2018-2019,0,,
892,Wodson Park FC,M,,2018-2019,2018-2019,0,,
893,Woking FC,M,National League,2006-2007,2020-2021,11,0,
894,Wolverhampton Casuals FC,M,,2017-2018,2019-2020,0,,
895,Wolverhampton Sporting C.F.C.,M,,2017-2018,2019-2020,0,,Wolverhampton Sporting Community FC
896,Wolverhampton Wanderers FC,M,Premier League,2001-2002,2020-2021,20,3,
897,Wolverhampton Wanderers FC U23,M,Premier League 2 — Division 2,2016-2017,2020-2021,5,1,
898,Woodbridge Town FC,M,,2017-2018,2020-2021,0,,
899,Woodford Town FC,M,,2019-2020,2020-2021,0,,Woodford Town 2017 FC
900,Woodley Town FC,M,,2017-2018,2018-2019,0,,Woodley United FC
901,Wootton Bassett Town FC,M,,2017-2018,2020-2021,0,,Royal
902,Worcester City FC,M,,2014-2015,2020-2021,0,0,
903,Workington AFC,M,,2017-2018,2020-2021,0,,
904,Worksop Town FC,M,,2017-2018,2020-2021,0,,
905,Worthing FC,M,,2017-2018,2019-2020,0,,
906,Worthing United FC,M,,2017-2018,2018-2019,0,,
907,Wrexham FC,M,National League,2002-2003,2020-2021,19,0,Wrexham AFC
908,Wroxham FC,M,,2017-2018,2020-2021,0,,
909,Wycombe Wanderers FC,M,EFL Championship,2002-2003,2020-2021,19,0,
910,Wythenshawe Amateurs FC,M,,2020-2021,2020-2021,0,,
911,Yate Town FC,M,,2017-2018,2019-2020,0,,
912,Yaxley FC,M,,2017-2018,2020-2021,0,,
913,Yeovil Town FC,M,National League,2003-2004,2020-2021,18,1,
914,Yeovil Town LFC,F,,2017,2018-2019,3,,
915,York City FC,M,,2002-2003,2019-2020,13,0,
916,Yorkshire Amateur AFC,M,,2019-2020,2020-2021,0,,